{
  "CAADAQAD-AEAAt3_AUdR-UFdt2bo8RYE": {
    "file_id": "CAADAQAD-AEAAt3_AUdR-UFdt2bo8RYE",
    "document_id": 5116651976322449912,
    "emojis": [
      "\ud83d\udc9c"
    ]
  },
  "CAADAQADdgEAAhf3AUcpnNug-S-TZBYE": {
    "file_id": "CAADAQADdgEAAhf3AUcpnNug-S-TZBYE",
    "document_id": 5116642329825902966,
    "emojis": [
      "\ud83d\udc99"
    ]
  },
  "CAADAQADCAIAAur6AAFHe-mMHW2aAr0WBA": {
    "file_id": "CAADAQADCAIAAur6AAFHe-mMHW2aAr0WBA",
    "document_id": 5116365059622175240,
    "emojis": [
      "\ud83e\udd0d"
    ]
  },
  "CAADAQAD2AEAApwEAUfHvUpbxcJdGRYE": {
    "file_id": "CAADAQAD2AEAApwEAUfHvUpbxcJdGRYE",
    "document_id": 5116375719731003864,
    "emojis": [
      "\ud83e\udd0d"
    ]
  },
  "CAADAQADlwMAAii8AAFHTcf9sN_BStEWBA": {
    "file_id": "CAADAQADlwMAAii8AAFHTcf9sN_BStEWBA",
    "document_id": 5116296056677598103,
    "emojis": [
      "\ud83d\udda4"
    ]
  },
  "CAADAQAD-AEAAgbPAUcLJ4hB8lLd6hYE": {
    "file_id": "CAADAQAD-AEAAgbPAUcLJ4hB8lLd6hYE",
    "document_id": 5116598276346348024,
    "emojis": [
      "\ud83e\udd0d"
    ]
  },
  "CAADAQADlgEAAt_dAUf81a1LXY11lBYE": {
    "file_id": "CAADAQADlgEAAt_dAUf81a1LXY11lBYE",
    "document_id": 5116614601517040022,
    "emojis": [
      "\ud83e\udd0d"
    ]
  },
  "CAADAQADjgEAAn1oAAFHyCQCo_qB9ZIWBA": {
    "file_id": "CAADAQADjgEAAn1oAAFHyCQCo_qB9ZIWBA",
    "document_id": 5116204062773084558,
    "emojis": [
      "\ud83d\udda4"
    ]
  },
  "CAADAQAD2gEAAsoIAAFHh1Oojunp2NkWBA": {
    "file_id": "CAADAQAD2gEAAsoIAAFHh1Oojunp2NkWBA",
    "document_id": 5116098840369299930,
    "emojis": [
      "\ud83d\udda4"
    ]
  },
  "CAADAQAD3AMAAl4G-UZvCe1jnp-yEhYE": {
    "file_id": "CAADAQAD3AMAAl4G-UZvCe1jnp-yEhYE",
    "document_id": 5114125852652602332,
    "emojis": [
      "\ud83d\udda4"
    ]
  },
  "CAADAQADYwIAAphRAUdMqLBh8rDB3hYE": {
    "file_id": "CAADAQADYwIAAphRAUdMqLBh8rDB3hYE",
    "document_id": 5116460364946473571,
    "emojis": [
      "\ud83d\udc9c"
    ]
  },
  "CAADAQAD9gIAArq3AUf57uKzL9eHWBYE": {
    "file_id": "CAADAQAD9gIAArq3AUf57uKzL9eHWBYE",
    "document_id": 5116572661161394934,
    "emojis": [
      "\ud83d\udc9c"
    ]
  },
  "CAADAQAD0wEAAsz-AUdvATli5JWDyhYE": {
    "file_id": "CAADAQAD0wEAAsz-AUdvATli5JWDyhYE",
    "document_id": 5116650803796378067,
    "emojis": [
      "\ud83e\udde1"
    ]
  }
}